{"cameraMode":{"drawMode":0,"name":"Shaded","section":"Shading Mode"},"sceneLighting":false,"audioPlay":false,"sceneViewState":{"m_AlwaysRefresh":false,"showFog":true,"showSkybox":true,"showFlares":true,"showImageEffects":true,"showParticleSystems":true,"showVisualEffectGraphs":true,"m_FxEnabled":true},"in2DMode":false,"pivot":{"x":2.5144598484039308,"y":17.3395938873291,"z":-2.9624085426330568},"rotation":{"x":0.41262662410736086,"y":-0.015302031300961972,"z":0.006932748481631279,"w":0.9107478857040405},"size":22.887693405151368,"orthographic":false}